{
  "posts": [
    {
      "id": 1,
      "title": "json-server",
      "author": "typicode"
    }
  ],
  "comments": [
    {
      "id": 1,
      "body": "some comment",
      "postId": 1
    }
  ],
  "profile": {
    "name": "typicode"
  },
  "employees": [
    {
      "FirstName": "abhilashreddy",
      "LastName": "kasireddy",
      "Email": "test@gmail.com",
      "DOB": "2023-03-29T18:30:00.000Z",
      "Gender": "male",
      "Education": "Graduate",
      "Company": "",
      "Experience": 2,
      "Package": 2.2,
      "id": 3
    },
    {
      "FirstName": "ramana",
      "LastName": "",
      "Email": "",
      "DOB": "",
      "Gender": "",
      "Education": "",
      "Company": "",
      "Experience": "",
      "Package": "",
      "id": 4
    },
    {
      "FirstName": "sandeep reddy",
      "LastName": "",
      "Email": "",
      "DOB": "",
      "Gender": "",
      "Education": "",
      "Company": "",
      "Experience": "",
      "Package": "",
      "id": 5
    },
    {
      "FirstName": "gfcgchgcuuvy",
      "LastName": "",
      "Email": "",
      "DOB": "",
      "Gender": "",
      "Education": "",
      "Company": "",
      "Experience": "",
      "Package": "",
      "id": 7
    }
  ]
}